<?xml version="1.0" encoding="UTF-8"?>
<GenRun Id="impl_1" LaunchPart="xc7a100tcsg324-1" LaunchTime="1588276697">
  <File Type="BITSTR-BMM" Name="General_Purpose_Register_Bank_bd.bmm"/>
  <File Type="OPT-METHODOLOGY-DRC" Name="General_Purpose_Register_Bank_methodology_drc_opted.rpt"/>
  <File Type="INIT-TIMING" Name="General_Purpose_Register_Bank_timing_summary_init.rpt"/>
  <File Type="ROUTE-PWR" Name="General_Purpose_Register_Bank_power_routed.rpt"/>
  <File Type="PA-TCL" Name="General_Purpose_Register_Bank.tcl"/>
  <File Type="OPT-TIMING" Name="General_Purpose_Register_Bank_timing_summary_opted.rpt"/>
  <File Type="OPT-DCP" Name="General_Purpose_Register_Bank_opt.dcp"/>
  <File Type="ROUTE-PWR-SUM" Name="General_Purpose_Register_Bank_power_summary_routed.pb"/>
  <File Type="REPORTS-TCL" Name="General_Purpose_Register_Bank_reports.tcl"/>
  <File Type="OPT-DRC" Name="General_Purpose_Register_Bank_drc_opted.rpt"/>
  <File Type="OPT-HWDEF" Name="General_Purpose_Register_Bank.hwdef"/>
  <File Type="PWROPT-DCP" Name="General_Purpose_Register_Bank_pwropt.dcp"/>
  <File Type="PWROPT-DRC" Name="General_Purpose_Register_Bank_drc_pwropted.rpt"/>
  <File Type="PWROPT-TIMING" Name="General_Purpose_Register_Bank_timing_summary_pwropted.rpt"/>
  <File Type="PLACE-DCP" Name="General_Purpose_Register_Bank_placed.dcp"/>
  <File Type="PLACE-IO" Name="General_Purpose_Register_Bank_io_placed.rpt"/>
  <File Type="PLACE-CLK" Name="General_Purpose_Register_Bank_clock_utilization_placed.rpt"/>
  <File Type="PLACE-UTIL" Name="General_Purpose_Register_Bank_utilization_placed.rpt"/>
  <File Type="PLACE-UTIL-PB" Name="General_Purpose_Register_Bank_utilization_placed.pb"/>
  <File Type="PLACE-CTRL" Name="General_Purpose_Register_Bank_control_sets_placed.rpt"/>
  <File Type="PLACE-SIMILARITY" Name="General_Purpose_Register_Bank_incremental_reuse_placed.rpt"/>
  <File Type="PLACE-PRE-SIMILARITY" Name="General_Purpose_Register_Bank_incremental_reuse_pre_placed.rpt"/>
  <File Type="PLACE-TIMING" Name="General_Purpose_Register_Bank_timing_summary_placed.rpt"/>
  <File Type="POSTPLACE-PWROPT-DCP" Name="General_Purpose_Register_Bank_postplace_pwropt.dcp"/>
  <File Type="BG-BIN" Name="General_Purpose_Register_Bank.bin"/>
  <File Type="POSTPLACE-PWROPT-TIMING" Name="General_Purpose_Register_Bank_timing_summary_postplace_pwropted.rpt"/>
  <File Type="PHYSOPT-DCP" Name="General_Purpose_Register_Bank_physopt.dcp"/>
  <File Type="PHYSOPT-DRC" Name="General_Purpose_Register_Bank_drc_physopted.rpt"/>
  <File Type="BITSTR-MSK" Name="General_Purpose_Register_Bank.msk"/>
  <File Type="PHYSOPT-TIMING" Name="General_Purpose_Register_Bank_timing_summary_physopted.rpt"/>
  <File Type="ROUTE-ERROR-DCP" Name="General_Purpose_Register_Bank_routed_error.dcp"/>
  <File Type="ROUTE-DCP" Name="General_Purpose_Register_Bank_routed.dcp"/>
  <File Type="ROUTE-BLACKBOX-DCP" Name="General_Purpose_Register_Bank_routed_bb.dcp"/>
  <File Type="ROUTE-DRC" Name="General_Purpose_Register_Bank_drc_routed.rpt"/>
  <File Type="ROUTE-DRC-PB" Name="General_Purpose_Register_Bank_drc_routed.pb"/>
  <File Type="ROUTE-DRC-RPX" Name="General_Purpose_Register_Bank_drc_routed.rpx"/>
  <File Type="BITSTR-MMI" Name="General_Purpose_Register_Bank.mmi"/>
  <File Type="ROUTE-METHODOLOGY-DRC" Name="General_Purpose_Register_Bank_methodology_drc_routed.rpt"/>
  <File Type="ROUTE-METHODOLOGY-DRC-RPX" Name="General_Purpose_Register_Bank_methodology_drc_routed.rpx"/>
  <File Type="ROUTE-METHODOLOGY-DRC-PB" Name="General_Purpose_Register_Bank_methodology_drc_routed.pb"/>
  <File Type="ROUTE-PWR-RPX" Name="General_Purpose_Register_Bank_power_routed.rpx"/>
  <File Type="ROUTE-STATUS" Name="General_Purpose_Register_Bank_route_status.rpt"/>
  <File Type="ROUTE-STATUS-PB" Name="General_Purpose_Register_Bank_route_status.pb"/>
  <File Type="ROUTE-TIMINGSUMMARY" Name="General_Purpose_Register_Bank_timing_summary_routed.rpt"/>
  <File Type="ROUTE-TIMING-PB" Name="General_Purpose_Register_Bank_timing_summary_routed.pb"/>
  <File Type="ROUTE-TIMING-RPX" Name="General_Purpose_Register_Bank_timing_summary_routed.rpx"/>
  <File Type="ROUTE-SIMILARITY" Name="General_Purpose_Register_Bank_incremental_reuse_routed.rpt"/>
  <File Type="ROUTE-CLK" Name="General_Purpose_Register_Bank_clock_utilization_routed.rpt"/>
  <File Type="ROUTE-BUS-SKEW" Name="General_Purpose_Register_Bank_bus_skew_routed.rpt"/>
  <File Type="ROUTE-BUS-SKEW-PB" Name="General_Purpose_Register_Bank_bus_skew_routed.pb"/>
  <File Type="ROUTE-BUS-SKEW-RPX" Name="General_Purpose_Register_Bank_bus_skew_routed.rpx"/>
  <File Type="POSTROUTE-PHYSOPT-DCP" Name="General_Purpose_Register_Bank_postroute_physopt.dcp"/>
  <File Type="POSTROUTE-PHYSOPT-BLACKBOX-DCP" Name="General_Purpose_Register_Bank_postroute_physopt_bb.dcp"/>
  <File Type="POSTROUTE-PHYSOPT-TIMING" Name="General_Purpose_Register_Bank_timing_summary_postroute_physopted.rpt"/>
  <File Type="POSTROUTE-PHYSOPT-TIMING-PB" Name="General_Purpose_Register_Bank_timing_summary_postroute_physopted.pb"/>
  <File Type="POSTROUTE-PHYSOPT-TIMING-RPX" Name="General_Purpose_Register_Bank_timing_summary_postroute_physopted.rpx"/>
  <File Type="POSTROUTE-PHYSOPT-BUS-SKEW" Name="General_Purpose_Register_Bank_bus_skew_postroute_physopted.rpt"/>
  <File Type="POSTROUTE-PHYSOPT-BUS-SKEW-PB" Name="General_Purpose_Register_Bank_bus_skew_postroute_physopted.pb"/>
  <File Type="BG-BIT" Name="General_Purpose_Register_Bank.bit"/>
  <File Type="POSTROUTE-PHYSOPT-BUS-SKEW-RPX" Name="General_Purpose_Register_Bank_bus_skew_postroute_physopted.rpx"/>
  <File Type="BITSTR-RBT" Name="General_Purpose_Register_Bank.rbt"/>
  <File Type="BITSTR-NKY" Name="General_Purpose_Register_Bank.nky"/>
  <File Type="PDI-FILE" Name="General_Purpose_Register_Bank.pdi"/>
  <File Type="RCFI_FILE" Name="General_Purpose_Register_Bank.rcfi"/>
  <File Type="CFI_FILE" Name="General_Purpose_Register_Bank.cfi"/>
  <File Type="RNPI_FILE" Name="General_Purpose_Register_Bank.rnpi"/>
  <File Type="NPI_FILE" Name="General_Purpose_Register_Bank.npi"/>
  <File Type="RBD_FILE" Name="General_Purpose_Register_Bank.rbd"/>
  <File Type="BITSTR-LTX" Name="debug_nets.ltx"/>
  <File Type="BITSTR-LTX" Name="General_Purpose_Register_Bank.ltx"/>
  <File Type="BITSTR-SYSDEF" Name="General_Purpose_Register_Bank.sysdef"/>
  <File Type="BG-BGN" Name="General_Purpose_Register_Bank.bgn"/>
  <File Type="BG-DRC" Name="General_Purpose_Register_Bank.drc"/>
  <File Type="RDI-RDI" Name="General_Purpose_Register_Bank.vdi"/>
  <File Type="WBT-USG" Name="usage_statistics_webtalk.html"/>
  <FileSet Name="sources" Type="DesignSrcs" RelSrcDir="$PSRCDIR/sources_1">
    <Filter Type="Srcs"/>
    <File Path="$PSRCDIR/sources_1/new/General_Purpose_Register_Bank.vhd">
      <FileInfo>
        <Attr Name="UsedIn" Val="synthesis"/>
        <Attr Name="UsedIn" Val="simulation"/>
      </FileInfo>
    </File>
    <File Path="$PSRCDIR/sources_1/imports/sources/alu_arithmetic_unit.vhd">
      <FileInfo>
        <Attr Name="AutoDisabled" Val="1"/>
        <Attr Name="ImportPath" Val="$PPRDIR/../../ECE-368/laboratory notes/Lab 2 - Feb 5 - 2020/sources/alu_arithmetic_unit.vhd"/>
        <Attr Name="ImportTime" Val="1582221105"/>
        <Attr Name="UsedIn" Val="synthesis"/>
        <Attr Name="UsedIn" Val="simulation"/>
      </FileInfo>
    </File>
    <File Path="$PSRCDIR/sources_1/imports/sources/alu_load_store_unit.vhd">
      <FileInfo>
        <Attr Name="AutoDisabled" Val="1"/>
        <Attr Name="ImportPath" Val="$PPRDIR/../../ECE-368/laboratory notes/Lab 2 - Feb 5 - 2020/sources/alu_load_store_unit.vhd"/>
        <Attr Name="ImportTime" Val="1582221105"/>
        <Attr Name="UsedIn" Val="synthesis"/>
        <Attr Name="UsedIn" Val="simulation"/>
      </FileInfo>
    </File>
    <File Path="$PSRCDIR/sources_1/imports/sources/alu_logic_unit.vhd">
      <FileInfo>
        <Attr Name="AutoDisabled" Val="1"/>
        <Attr Name="ImportPath" Val="$PPRDIR/../../ECE-368/laboratory notes/Lab 2 - Feb 5 - 2020/sources/alu_logic_unit.vhd"/>
        <Attr Name="ImportTime" Val="1582221105"/>
        <Attr Name="UsedIn" Val="synthesis"/>
        <Attr Name="UsedIn" Val="simulation"/>
      </FileInfo>
    </File>
    <File Path="$PSRCDIR/sources_1/imports/sources/alu_mux.vhd">
      <FileInfo>
        <Attr Name="AutoDisabled" Val="1"/>
        <Attr Name="ImportPath" Val="$PPRDIR/../../ECE-368/laboratory notes/Lab 2 - Feb 5 - 2020/sources/alu_mux.vhd"/>
        <Attr Name="ImportTime" Val="1582221105"/>
        <Attr Name="UsedIn" Val="synthesis"/>
        <Attr Name="UsedIn" Val="simulation"/>
      </FileInfo>
    </File>
    <File Path="$PSRCDIR/sources_1/imports/sources/alu_shift_unit.vhd">
      <FileInfo>
        <Attr Name="AutoDisabled" Val="1"/>
        <Attr Name="ImportPath" Val="$PPRDIR/../../ECE-368/laboratory notes/Lab 2 - Feb 5 - 2020/sources/alu_shift_unit.vhd"/>
        <Attr Name="ImportTime" Val="1582221105"/>
        <Attr Name="UsedIn" Val="synthesis"/>
        <Attr Name="UsedIn" Val="simulation"/>
      </FileInfo>
    </File>
    <File Path="$PSRCDIR/sources_1/new/ALU_Top.vhd">
      <FileInfo>
        <Attr Name="AutoDisabled" Val="1"/>
        <Attr Name="UsedIn" Val="synthesis"/>
        <Attr Name="UsedIn" Val="simulation"/>
      </FileInfo>
    </File>
    <File Path="$PSRCDIR/sources_1/new/Data_Memory_RAM_9x24.vhd">
      <FileInfo>
        <Attr Name="AutoDisabled" Val="1"/>
        <Attr Name="UsedIn" Val="synthesis"/>
        <Attr Name="UsedIn" Val="simulation"/>
      </FileInfo>
    </File>
    <Config>
      <Option Name="DesignMode" Val="RTL"/>
      <Option Name="TopModule" Val="General_Purpose_Register_Bank"/>
    </Config>
  </FileSet>
  <FileSet Name="constrs_in" Type="Constrs" RelSrcDir="$PSRCDIR/constrs_1">
    <Filter Type="Constrs"/>
    <Config>
      <Option Name="ConstrsType" Val="XDC"/>
    </Config>
  </FileSet>
  <FileSet Name="utils" Type="Utils" RelSrcDir="$PSRCDIR/utils_1">
    <Filter Type="Utils"/>
    <Config>
      <Option Name="TopAutoSet" Val="TRUE"/>
    </Config>
  </FileSet>
  <Strategy Version="1" Minor="2">
    <StratHandle Name="Vivado Implementation Defaults" Flow="Vivado Implementation 2019"/>
    <Step Id="init_design"/>
    <Step Id="opt_design"/>
    <Step Id="power_opt_design"/>
    <Step Id="place_design"/>
    <Step Id="post_place_power_opt_design"/>
    <Step Id="phys_opt_design" EnableStepBool="1"/>
    <Step Id="route_design"/>
    <Step Id="post_route_phys_opt_design"/>
    <Step Id="write_bitstream"/>
  </Strategy>
</GenRun>
