<?xml version="1.0" encoding="UTF-8"?>
<GenRun Id="synth_1" LaunchPart="xc7a100tcsg324-1" LaunchTime="1588276617">
  <File Type="PA-TCL" Name="General_Purpose_Register_Bank.tcl"/>
  <File Type="RDS-PROPCONSTRS" Name="General_Purpose_Register_Bank_drc_synth.rpt"/>
  <File Type="REPORTS-TCL" Name="General_Purpose_Register_Bank_reports.tcl"/>
  <File Type="RDS-RDS" Name="General_Purpose_Register_Bank.vds"/>
  <File Type="RDS-UTIL" Name="General_Purpose_Register_Bank_utilization_synth.rpt"/>
  <File Type="RDS-UTIL-PB" Name="General_Purpose_Register_Bank_utilization_synth.pb"/>
  <File Type="RDS-DCP" Name="General_Purpose_Register_Bank.dcp"/>
  <File Type="VDS-TIMINGSUMMARY" Name="General_Purpose_Register_Bank_timing_summary_synth.rpt"/>
  <File Type="VDS-TIMING-PB" Name="General_Purpose_Register_Bank_timing_summary_synth.pb"/>
  <FileSet Name="sources" Type="DesignSrcs" RelSrcDir="$PSRCDIR/sources_1">
    <Filter Type="Srcs"/>
    <File Path="$PSRCDIR/sources_1/new/General_Purpose_Register_Bank.vhd">
      <FileInfo>
        <Attr Name="UsedIn" Val="synthesis"/>
        <Attr Name="UsedIn" Val="simulation"/>
      </FileInfo>
    </File>
    <File Path="$PSRCDIR/sources_1/imports/sources/alu_arithmetic_unit.vhd">
      <FileInfo>
        <Attr Name="AutoDisabled" Val="1"/>
        <Attr Name="ImportPath" Val="$PPRDIR/../../ECE-368/laboratory notes/Lab 2 - Feb 5 - 2020/sources/alu_arithmetic_unit.vhd"/>
        <Attr Name="ImportTime" Val="1582221105"/>
        <Attr Name="UsedIn" Val="synthesis"/>
        <Attr Name="UsedIn" Val="simulation"/>
      </FileInfo>
    </File>
    <File Path="$PSRCDIR/sources_1/imports/sources/alu_load_store_unit.vhd">
      <FileInfo>
        <Attr Name="AutoDisabled" Val="1"/>
        <Attr Name="ImportPath" Val="$PPRDIR/../../ECE-368/laboratory notes/Lab 2 - Feb 5 - 2020/sources/alu_load_store_unit.vhd"/>
        <Attr Name="ImportTime" Val="1582221105"/>
        <Attr Name="UsedIn" Val="synthesis"/>
        <Attr Name="UsedIn" Val="simulation"/>
      </FileInfo>
    </File>
    <File Path="$PSRCDIR/sources_1/imports/sources/alu_logic_unit.vhd">
      <FileInfo>
        <Attr Name="AutoDisabled" Val="1"/>
        <Attr Name="ImportPath" Val="$PPRDIR/../../ECE-368/laboratory notes/Lab 2 - Feb 5 - 2020/sources/alu_logic_unit.vhd"/>
        <Attr Name="ImportTime" Val="1582221105"/>
        <Attr Name="UsedIn" Val="synthesis"/>
        <Attr Name="UsedIn" Val="simulation"/>
      </FileInfo>
    </File>
    <File Path="$PSRCDIR/sources_1/imports/sources/alu_mux.vhd">
      <FileInfo>
        <Attr Name="AutoDisabled" Val="1"/>
        <Attr Name="ImportPath" Val="$PPRDIR/../../ECE-368/laboratory notes/Lab 2 - Feb 5 - 2020/sources/alu_mux.vhd"/>
        <Attr Name="ImportTime" Val="1582221105"/>
        <Attr Name="UsedIn" Val="synthesis"/>
        <Attr Name="UsedIn" Val="simulation"/>
      </FileInfo>
    </File>
    <File Path="$PSRCDIR/sources_1/imports/sources/alu_shift_unit.vhd">
      <FileInfo>
        <Attr Name="AutoDisabled" Val="1"/>
        <Attr Name="ImportPath" Val="$PPRDIR/../../ECE-368/laboratory notes/Lab 2 - Feb 5 - 2020/sources/alu_shift_unit.vhd"/>
        <Attr Name="ImportTime" Val="1582221105"/>
        <Attr Name="UsedIn" Val="synthesis"/>
        <Attr Name="UsedIn" Val="simulation"/>
      </FileInfo>
    </File>
    <File Path="$PSRCDIR/sources_1/new/ALU_Top.vhd">
      <FileInfo>
        <Attr Name="AutoDisabled" Val="1"/>
        <Attr Name="UsedIn" Val="synthesis"/>
        <Attr Name="UsedIn" Val="simulation"/>
      </FileInfo>
    </File>
    <File Path="$PSRCDIR/sources_1/new/Data_Memory_RAM_9x24.vhd">
      <FileInfo>
        <Attr Name="AutoDisabled" Val="1"/>
        <Attr Name="UsedIn" Val="synthesis"/>
        <Attr Name="UsedIn" Val="simulation"/>
      </FileInfo>
    </File>
    <Config>
      <Option Name="DesignMode" Val="RTL"/>
      <Option Name="TopModule" Val="General_Purpose_Register_Bank"/>
    </Config>
  </FileSet>
  <FileSet Name="constrs_in" Type="Constrs" RelSrcDir="$PSRCDIR/constrs_1">
    <Filter Type="Constrs"/>
    <Config>
      <Option Name="ConstrsType" Val="XDC"/>
    </Config>
  </FileSet>
  <FileSet Name="utils" Type="Utils" RelSrcDir="$PSRCDIR/utils_1">
    <Filter Type="Utils"/>
    <Config>
      <Option Name="TopAutoSet" Val="TRUE"/>
    </Config>
  </FileSet>
  <Strategy Version="1" Minor="2">
    <StratHandle Name="Vivado Synthesis Defaults" Flow="Vivado Synthesis 2019"/>
    <Step Id="synth_design"/>
  </Strategy>
</GenRun>
